song_id,artist_id,song_length
1,1,232
2,1,235
3,1,306
4,1,221
5,1,202
6,2,302
7,2,279
8,2,186
9,2,225
10,2,250
11,3,234
12,3,272
13,3,259
14,3,247
15,3,273
16,4,280
17,4,200
18,4,312
19,4,280
20,4,308
21,5,283
22,5,314
23,5,190
24,5,287
25,5,268